{"cameraMode":{"drawMode":0,"name":"Shaded","section":"Shading Mode"},"sceneLighting":false,"audioPlay":false,"sceneViewState":{"m_AlwaysRefresh":false,"showFog":true,"showSkybox":false,"showFlares":true,"showImageEffects":true,"showParticleSystems":true,"showVisualEffectGraphs":true,"m_FxEnabled":true},"in2DMode":false,"pivot":{"x":-0.14573204517364503,"y":0.6196250319480896,"z":12.902507781982422},"rotation":{"x":0.02119038812816143,"y":0.7145842909812927,"z":-0.021664930507540704,"w":0.6988978981971741},"size":0.8660253882408142,"orthographic":false}